feature,mi_score,rank_mi,rf_importance,rank_rf,abs_logit_coef,rank_logit,combined_rank
C318_T,0.027623493549731704,1,0.05022946391959058,1,0.3211799087088665,4,2.0
INGTOT_log,0.016893553242393722,5,0.03373114521352328,10,0.5801965111921348,2,5.666666666666667
INGTRABW_log,0.010983121501075166,13,0.039417909704944826,6,0.6127066008123703,1,6.666666666666667
INGTOT,0.013330229712662955,9,0.033224759973892376,11,0.28411227542238227,6,8.666666666666666
ingtrabw,0.011427856275015413,12,0.03810657161405831,7,0.14866522132401852,21,13.333333333333334
C335_1,0.025788067488073718,2,0.017229824235984938,15,0.12695287532153837,25,14.0
C335_2,0.02292188828543562,3,0.011408656454346047,22,0.1620876189302942,17,14.0
busca_otro_empleo,0.020702074358524003,4,0.01668908013923863,16,0.12695287532153837,24,14.666666666666666
I342,0.008312071360722317,22,0.01545816635462653,19,0.18597789551882624,14,18.333333333333332
trabaja_menos_35h,0.016193497411622237,6,0.007702348126413702,25,0.11854335922400161,27,19.333333333333332
INGTOTP,0.014928891277606215,7,0.03410296661634207,9,0.059989438284071696,51,22.333333333333332
ingreso_por_hora_log,0.006721507385484715,29,0.045099291832248485,4,0.08988254429980963,37,23.333333333333332
ingreso_secundario_total,0.0037995933612933186,53,0.018066599718703905,14,0.298942295059866,5,24.0
ingreso_por_hora,0.0069106808940722075,28,0.04529855602664525,3,0.056382748547966204,54,28.333333333333332
C377,0.005594262678228157,38,0.012491561795334052,21,0.12621023386380853,26,28.333333333333332
SEGURO1,0.005906089588385344,35,0.009907428392585902,23,0.10607156715948385,28,28.666666666666668
INGTOTP_log,0.01193401011217321,10,0.035191928523710884,8,0.04171606993929922,70,29.333333333333332
C208,0.006472106579697545,30,0.04825306279192182,2,0.05282944383744407,61,31.0
horas_secundaria,0.004298222409036434,48,0.00631575221379528,34,0.1901427142699537,13,31.666666666666668
I339_1,0.011850823854193004,11,0.021955083114657974,13,0.03982260990269243,72,32.0
tiene_pension,0.004400779769005769,46,0.005034322467307251,47,0.34807879116814816,3,32.0
C207,0.007144194428181816,25,0.006245706116995735,35,0.08458332306768823,42,34.0
whoraT,0.013390837295519598,8,0.040696690674434724,5,0.025172297867206574,89,34.0
tiene_sis,0.00854026799318941,20,0.004603555590732401,53,0.10599917193904529,30,34.333333333333336
C361_5,0.006269501068909333,32,0.004588950808997653,55,0.10599917193916361,29,38.666666666666664
C328_T,0.002538251666243996,70,0.006342240489932299,32,0.17948906873454476,15,39.0
C366,0.0009762068708971672,83,0.015880045141463624,18,0.17334560606746452,16,39.0
grupo_edad_35_44,0.006341634840144161,31,0.007211471016581106,26,0.05321637850461632,60,39.0
jefe_hogar,0.0025939766703952927,68,0.006907161805116647,29,0.12873576953256266,23,40.0
C311_ ,0.00961253559810804,17,0.0018957386612239383,97,0.15835632244173117,20,44.666666666666664
tiene_afp,0.0014719794100876982,77,0.005339811732573243,44,0.15941366184917133,18,46.333333333333336
trabajador_independiente,0.0070464367330456135,26,0.0022341519777075674,91,0.13063041321115704,22,46.333333333333336
C312_3,0.009615637224975382,16,0.00345173236828209,74,0.056254372448159666,55,48.333333333333336
sexo_mujer,0.002579934087500124,69,0.005866785313097862,36,0.08458332306768823,41,48.666666666666664
C317,0.005262139311677627,41,0.008160915504370177,24,0.02730938279914998,84,49.666666666666664
C364_1,0.000355571479317085,95,0.0051795181664117266,46,0.15941366184917133,19,53.333333333333336
C313_ ,0.008512583971638898,21,0.0031029954175645575,84,0.05463337471061007,58,54.333333333333336
empresa_registrada_sunat,0.0031221561643668405,60,0.004083289157440225,65,0.08678113189613956,38,54.333333333333336
lengua_materna_indigena,0.0031179017612510407,61,0.0036123131739086776,71,0.10357241598046671,33,55.0
C312_1,0.003930265095813956,51,0.0032700856566455546,79,0.09070338099557396,36,55.333333333333336
C317A,0.005045369718557735,43,0.030311287535430678,12,0.009394181386455197,112,55.666666666666664
C331,0.004053475819178365,50,0.015108938383487229,20,0.019120609535457685,97,55.666666666666664
I345_1,0.005978111491378613,34,0.0017482197698194912,102,0.09505677341284453,35,57.0
grupo_edad_45_54,0.0028155345828977385,66,0.007147169628134193,27,0.032503928361003506,79,57.333333333333336
I348,0.003012129375836059,64,0.0041582572142419135,63,0.06993098582804343,47,58.0
conyuge,0.0005070137027720634,93,0.005832165791504866,37,0.06906938498991634,48,59.333333333333336
grupo_edad_55_64,0.004470187119580915,45,0.005363791318617132,43,0.023012859816394376,93,60.333333333333336
empresa_pequena,0.009882075696760362,15,0.003109814430949512,83,0.025882413935886688,86,61.333333333333336
universitaria_completa_o_mas,0.0,112,0.004148020570218291,64,0.25109857123937723,8,61.333333333333336
sexo_hombre,0.00017790668505313079,101,0.005533340952357457,41,0.08458332306768823,43,61.666666666666664
trabajador_dependiente,0.003345112473283507,59,0.0020126271851637536,94,0.10514651145159701,32,61.666666666666664
grupo_educativo_Superior no universitaria,0.0034225700540058135,57,0.003424794506450387,77,0.05835450979940125,52,62.0
C313_2,0.0042470646860339745,49,0.003606643798066767,72,0.04249766769580722,69,63.333333333333336
proporcion_ingreso_principal,0.010550361964105415,14,0.005302772671002964,45,0.0017794098842234766,131,63.333333333333336
trabaja_mas_48h,0.006942541292443538,27,0.005749775164398076,39,0.0035648024572715624,124,63.333333333333336
hijo_hogar,0.0,106,0.006339460669035164,33,0.058080916051822314,53,64.0
empresa_no_registrada_sunat,0.002602306914152308,67,0.0037881606690448825,69,0.056254372448159666,56,64.0
superior_incompleta,0.0015741925398431444,75,0.003684856820349689,70,0.06619872126416596,49,64.66666666666667
C311_5,0.00577295821102064,37,0.003181864067340249,81,0.03346559702541967,77,65.0
autoidentificacion_mestizo,0.00023186444299416742,98,0.0070359555598765045,28,0.041247221896315724,71,65.66666666666667
tiene_seguro_salud,0.001002684470948756,81,0.0028784430204736615,87,0.10588125581147816,31,66.33333333333333
tiene_snp,0.00029455729900518257,96,0.004273861051583414,59,0.07399200800825727,46,67.0
C364_2,0.00017162059561059984,102,0.004517167973279068,56,0.07399200800834362,45,67.66666666666667
sector_publico,0.0008718299223915427,86,0.0012655466643377456,108,0.20629114326319853,11,68.33333333333333
grupo_edad_14_24,0.0008785019438517505,85,0.004309457574699902,58,0.042819950251301045,68,70.33333333333333
grupo_educativo_Superior universitaria,0.003116985191939925,62,0.004999653008333899,48,0.016278063879292138,101,70.33333333333333
empresa_mediana_grande,0.0057839057966333485,36,0.0026596460695963832,89,0.025882413935886688,87,70.66666666666667
C366_2_ ,0.00805355579097533,23,0.0011794078339775536,110,0.03113000139131189,80,71.0
tiene_ingreso_secundario,0.006146286100472631,33,0.0031880781489960265,80,0.01654654451208839,100,71.0
grupo_edad_65_mas,0.0006054619611741696,91,0.002965107275567165,86,0.08528628803066984,40,72.33333333333333
sector_privado,0.003353280139423598,58,0.0031670172780686157,82,0.03346559702541967,78,72.66666666666667
C366_1_5,0.0,125,0.0067201339196031025,31,0.046306149040726975,64,73.33333333333333
C361_1,0.004477544438244108,44,0.003881811660639102,68,0.011444387384449878,108,73.33333333333333
bajo_ingreso_relativo,0.009329891473292218,18,0.0020831859806029244,93,0.011333451028149925,110,73.66666666666667
superior_completa,0.0002855329770548032,97,0.004617395835866885,52,0.03884312240311482,73,74.0
trabajador_familiar_no_remunerado,0.0,108,0.0011943251650285108,109,0.2524551544756271,7,74.66666666666667
C310,0.002137210715769111,71,0.004798246123100653,50,0.01273061826350593,104,75.0
C203,0.002106511294415192,72,0.01629723539331076,17,0.0006145079852529199,136,75.0
ingreso_outlier,0.0028898343682062233,65,0.000520853572735049,117,0.07408590973973679,44,75.33333333333333
educacion_superior,0.004391371905156483,47,0.004196003489902112,62,0.00826453756860482,117,75.33333333333333
tiene_essalud,0.0037808264222523036,54,0.003908372754245612,67,0.011444387384449878,109,76.66666666666667
C376,0.0,116,0.004063503517287667,66,0.06267698367999484,50,77.33333333333333
adulto_mayor,0.0,105,0.002780865277316304,88,0.08528628803066991,39,77.33333333333333
trabajador_hogar,0.0,114,0.0007357547979842356,113,0.2246233678779489,9,78.66666666666667
C318_T_missing_flag,0.005473803297940227,39,2.2420174078244773e-06,138,0.05391377845069374,59,78.66666666666667
C312_ ,0.0,131,0.0018616717394809418,98,0.20760899945185413,10,79.66666666666667
C366_1_1,0.0001940148938444075,100,0.004271299131275174,60,0.029867381364008076,81,80.33333333333333
grupo_educativo_Secundaria completa,0.0011424635661221316,80,0.00464304174682274,51,0.008763855852078263,116,82.33333333333333
C311_2,0.0,132,0.0013083959774591073,107,0.19436970225059594,12,83.66666666666667
C313_1,0.0018017950182658282,74,0.0019430223112097442,96,0.029742022816345276,82,84.0
C311_1,0.003106276073686187,63,0.0002401788679426597,127,0.045881404722809466,65,85.0
grupo_edad_25_34,0.0,135,0.00689685495064253,30,0.02465742220810019,90,85.0
C375_6,0.009221123590710478,19,0.0001923931916805332,128,0.009230303720598547,114,87.0
C366_1_3,0.0,126,0.005635378092860342,40,0.01974586381550248,96,87.33333333333333
C366_1_7,0.0012480625610582496,78,0.00030239800649372087,123,0.044421885642098966,66,89.0
C375_5,0.00521953661432728,42,0.0001318761940193645,131,0.020596196096344537,95,89.33333333333333
grupo_educativo_Posgrado,0.0005081869141860818,92,0.003499501002996201,73,0.012456422765467264,105,90.0
C366_2_2,0.001206070570039186,79,0.0002834011574158075,124,0.0428337094344333,67,90.0
grupo_educativo_Sin nivel / Inicial,0.005303099707529402,40,0.0005155782236404561,118,0.009338833595825312,113,90.33333333333333
C366_1_2,0.0,129,0.005482494854276313,42,0.013207445317764823,103,91.33333333333333
C375_3,0.007182847257543923,24,5.687104541391117e-05,135,0.008113877481199013,118,92.33333333333333
C312_2,0.00099007549124841,82,0.004197114618014352,61,0.0009967102811902708,135,92.66666666666667
lleva_libros_contables,0.00022479487923154906,99,0.0018135742150439174,100,0.029742022816345276,83,94.0
proteccion_social_completa,0.0,122,0.00496596308678958,49,0.009931831551485616,111,94.0
secundaria_completa,0.0,111,0.004492235594255985,57,0.008763855852078268,115,94.33333333333333
whoraT_outlier_flag,0.0007105418095707527,90,1.3647917854030381e-05,136,0.05556080263320757,57,94.33333333333333
autoidentificacion_indigena,0.0,110,0.004591303350341279,54,0.005951372627887294,121,95.0
C335_ ,0.0,136,0.0005730128002832588,116,0.09618797423213887,34,95.33333333333333
educacion_basica_o_menos,0.0,115,0.0033281308982405955,78,0.02192160068903052,94,95.66666666666667
C366_1_4,4.248662413286475e-05,104,0.0030815455848909805,85,0.01726072634718493,99,96.0
joven,0.0,119,0.005823444594730285,38,0.0012664722968805209,134,97.0
alto_ingreso_relativo,0.0007852236438972149,88,0.0017864577536078224,101,0.013614058563932538,102,97.0
C366_2_6,0.0037536918285976384,55,0.0009125662714182809,111,0.0028287193931063616,127,97.66666666666667
empleador,0.0,113,0.0013290702158627295,105,0.03475902515798238,75,97.66666666666667
dependencia_ingreso_principal,0.0,121,0.0018253611999268285,99,0.03503184518125413,74,98.0
C375_4,0.0037275542002208617,56,9.173953604863881e-05,132,0.01163983038448444,107,98.33333333333333
autoidentificacion_afro,0.001543141280017979,76,0.002401661518541885,90,0.001312227073917736,133,99.66666666666667
grupo_educativo_Secundaria incompleta,0.0,138,0.0034365019032670495,75,0.025449266286607812,88,100.33333333333333
INGTRABW_outlier_flag,0.0,120,0.0004840567524273817,120,0.0506631505475584,62,100.66666666666667
cantidad_limitaciones,0.0009009132379071971,84,0.0006796030705214548,114,0.012373505411495105,106,101.33333333333333
sobrejornada,0.0,107,0.0034361634827732523,76,0.005811815770334376,123,102.0
C366_1_ ,0.0,127,0.001312523077067856,106,0.0340781896271421,76,103.0
whoraT_missing_flag,0.003861362048459993,52,4.366695426246856e-06,137,0.0034765752416455937,125,104.66666666666667
C311_3,0.0,133,0.00032523411150232884,122,0.050443056142222296,63,106.0
brecha_educativa_baja,0.00011458061070612757,103,0.0019958461479929047,95,0.002668467141604307,128,108.66666666666667
C366_1_6,0.0,124,0.0008539822683901837,112,0.023813542038284376,91,109.0
C311_4,0.0,134,0.0013292940031837126,104,0.01751429453787319,98,112.0
C375_1,0.0007126807059136819,89,0.00024663615936845436,125,0.005918216552302,122,112.0
C375_2,0.001912518899147786,73,8.381581651827663e-05,133,0.0017116997346761681,132,112.66666666666667
C366_2_1,0.0,123,0.00014288984002081007,130,0.02695492181459927,85,112.66666666666667
C366_2_3,0.0007982907720305299,87,0.0002409255083057311,126,0.003399057128644695,126,113.0
C366_2_5,0.0,130,0.0003535944752752521,121,0.023491830729584173,92,114.33333333333333
C366_2_4,0.0004919381842798387,94,0.00015973426050925078,129,0.006968181509243643,120,114.33333333333333
tiene_discapacidad,0.0,109,0.0006164984758132461,115,0.002219029355355452,129,117.66666666666667
brecha_horas_normal,0.0,117,0.0017291685546554714,103,0.00031213414075091666,137,119.0
INGTOT_outlier_flag,0.0,118,0.0005094411023082016,119,0.0018389566813488923,130,122.33333333333333
grupo_educativo_Primaria,0.0,137,0.0021065281047397146,92,0.00014214324842543448,138,122.33333333333333
C366_1_0,0.0,128,8.314042766800022e-05,134,0.007843049816745797,119,127.0
